#Time,Humidity,Temperature,Lighting,Air Quality
00:00,51.5129,23.20343,-2.868852459,677
00:01,51.7132,23.17017,-2.971311475,679
00:02,51.8448,23.141927,-2.971311475,681
00:03,51.8548,23.112136,-2.971311475,682
00:04,52.0106,23.079852,-2.868852459,682
00:05,52.0953,23.053358,-2.868852459,682
00:06,52.1846,23.031915,-2.766393443,684
00:07,52.2114,23.014955,-2.766393443,684
00:08,52.2076,23.002977,-2.663934426,686
00:09,52.1916,22.987704,-2.56147541,686
00:10,52.2691,22.975987,-2.56147541,689
00:11,52.2807,22.973903,-2.56147541,695
00:12,52.2425,22.969695,-2.459016393,703
00:13,52.2381,22.965857,-2.459016393,702
00:14,52.149,22.966135,-2.459016393,706
00:15,52.0107,22.967845,-2.459016393,704
00:16,51.929,22.964136,-2.459016393,707
00:17,51.8589,22.960648,-2.459016393,709
00:18,51.818,22.95554,-2.459016393,713
00:19,51.6987,22.947528,-2.356557377,720
00:20,51.6571,22.930417,-2.356557377,722
00:21,51.73,22.911372,-2.356557377,723
00:22,51.8347,22.8888,-2.459016393,730
00:23,51.9584,22.861258,-2.459016393,735
00:24,52.0553,22.831002,-2.56147541,736
00:25,52.1617,22.794226,-2.56147541,736
00:26,52.3769,22.757629,-2.56147541,737
00:27,52.6173,22.725125,-2.56147541,744
00:28,52.6692,22.696353,-2.663934426,748
00:29,52.6634,22.667508,-2.56147541,741
00:30,52.6621,22.634897,-2.56147541,730
00:31,52.6863,22.6047,-2.56147541,728
00:32,52.6965,22.57716,-2.56147541,722
00:33,52.6639,22.555622,-2.56147541,584
00:34,52.6326,22.541695,-2.459016393,569
00:35,52.6214,22.532969,-2.459016393,566
00:36,52.5723,22.528318,-2.356557377,562
00:37,52.5214,22.527069,-2.356557377,562
00:38,52.452,22.527826,-2.356557377,559
00:39,52.3679,22.528282,-2.356557377,552
00:40,52.3027,22.527647,-2.356557377,548
00:41,52.2307,22.523238,-2.254098361,548
00:42,52.1766,22.517878,-2.254098361,552
00:43,52.0495,22.513168,-2.254098361,557
00:44,51.9298,22.505167,-2.254098361,559
00:45,51.7957,22.503436,-2.254098361,559
00:46,51.6745,22.507667,-2.151639344,560
00:47,51.613,22.511432,-2.151639344,554
00:48,51.5119,22.518998,-2.151639344,551
00:49,51.4169,22.523233,-2.151639344,547
00:50,51.3079,22.529071,-2.151639344,553
00:51,51.1587,22.531166,-2.151639344,555
00:52,51.0549,22.533376,-2.151639344,596
00:53,51.0318,22.540889,-2.151639344,590
00:54,50.8791,22.546964,-2.151639344,583
00:55,50.8016,22.557817,-2.151639344,577
00:56,50.7082,22.57174,-2.151639344,571
00:57,50.6209,22.578532,-2.151639344,566
00:58,50.5626,22.595843,-2.049180328,557
00:59,50.5893,22.609394,-2.049180328,554
01:00,50.5485,22.615914,-2.049180328,553
01:01,50.5226,22.620561,-2.049180328,553
01:02,50.4713,22.619789,-2.049180328,549
01:03,50.4322,22.618186,-2.049180328,553
01:04,50.3672,22.609455,-2.049180328,594
01:05,50.2763,22.608889,-1.946721311,589
01:06,50.1317,22.612552,-1.946721311,603
01:07,50.1053,22.62318,-1.844262295,647
01:08,50.1316,22.64,-1.844262295,653
01:09,50.0213,22.655215,-1.844262295,640
01:10,49.8772,22.669882,-1.741803279,606
01:11,49.766,22.689439,-1.741803279,587
01:12,49.5786,22.705773,-1.741803279,577
01:13,49.4105,22.725085,-1.741803279,571
01:14,49.2696,22.746995,-1.639344262,580
01:15,49.1006,22.765874,-1.639344262,588
01:16,48.9901,22.786796,-1.639344262,596
01:17,48.8861,22.804914,-1.639344262,600
01:18,48.7639,22.82505,-1.639344262,606
01:19,48.6824,22.835819,-1.639344262,609
01:20,48.3415,22.844693,-1.741803279,608
01:21,48.3573,22.860543,-1.741803279,609
01:22,48.2007,22.872014,-1.844262295,607
01:23,48.0315,22.88381,-1.844262295,602
01:24,47.8448,22.895696,-1.844262295,631
01:25,47.447,22.906229,-1.741803279,631
01:26,47.0658,22.926907,-1.639344262,640
01:27,46.8412,22.953019,-1.639344262,644
01:28,46.8301,22.980395,-1.536885246,635
01:29,46.7589,23.00257,-1.536885246,631
01:30,46.5472,23.019006,-1.536885246,562
01:31,46.442,23.027857,-1.536885246,559
01:32,46.3195,23.038377,-1.43442623,556
01:33,46.1992,23.047327,-1.43442623,560
01:34,46.1053,23.053971,-1.43442623,560
01:35,46.0577,23.058665,-1.536885246,563
01:36,45.9607,23.071409,-1.536885246,569
01:37,45.9174,23.082119,-1.536885246,561
01:38,45.8651,23.092425,-1.639344262,555
01:39,45.8389,23.101692,-1.639344262,561
01:40,45.8025,23.110926,-1.639344262,562
01:41,45.9037,23.11843,-1.639344262,577
01:42,45.884,23.12388,-1.639344262,580
01:43,45.8479,23.130827,-1.741803279,578
01:44,45.7915,23.139162,-1.639344262,588
01:45,45.7055,23.146663,-1.639344262,588
01:46,45.7406,23.163157,-1.639344262,585
01:47,45.7016,23.17245,-1.741803279,584
01:48,45.5395,23.170551,-1.741803279,585
01:49,45.578,23.169396,-1.741803279,584
01:50,45.5926,23.165024,-1.844262295,581
01:51,45.6717,23.157315,-1.844262295,571
01:52,45.8626,23.139789,-1.946721311,569
01:53,46.105,23.123818,-1.946721311,557
01:54,46.3362,23.095041,-2.049180328,547
01:55,46.5128,23.062341,-2.049180328,540
01:56,46.6469,23.030113,-2.151639344,543
01:57,46.8462,22.987506,-2.151639344,548
01:58,47.0672,22.945755,-2.151639344,546
01:59,47.3449,22.899993,-2.151639344,542
02:00,47.6257,22.84954,-2.151639344,529
02:01,47.8268,22.796317,-2.151639344,525
02:02,48.0603,22.744376,-2.254098361,539
02:03,48.2862,22.691673,-2.254098361,587
02:04,48.5708,22.640968,-2.254098361,609
02:05,48.7803,22.591173,-2.254098361,626
02:06,48.9821,22.550291,-2.254098361,620
02:07,49.0984,22.512642,-2.254098361,601
02:08,49.1243,22.479674,-2.151639344,585
02:09,49.3173,22.451084,-2.151639344,579
02:10,49.4165,22.436225,-2.049180328,574
02:11,49.396,22.418517,-2.049180328,574
02:12,49.4234,22.410457,-2.049180328,573
02:13,49.4258,22.402684,-1.946721311,638
02:14,49.3669,22.397287,-1.946721311,632
02:15,49.2696,22.392735,-1.946721311,608
02:16,49.1676,22.387216,-1.844262295,543
02:17,49.1094,22.385235,-1.844262295,537
02:18,48.9962,22.388895,-1.844262295,540
02:19,48.9511,22.39405,-1.844262295,541
02:20,48.901,22.402908,-1.844262295,542
02:21,48.857,22.409376,-1.741803279,543
02:22,48.8481,22.414893,-1.741803279,542
02:23,48.8621,22.421075,-1.741803279,544
02:24,48.8865,22.427477,-1.741803279,546
02:25,48.8595,22.428178,-1.741803279,551
02:26,48.8937,22.423937,-1.741803279,555
02:27,49.006,22.415949,-1.844262295,558
02:28,49.136,22.404969,-1.844262295,563
02:29,49.1814,22.385795,-1.946721311,571
02:30,49.2379,22.366721,-1.946721311,575
02:31,49.3096,22.343484,-1.946721311,574
02:32,49.4477,22.310768,-2.049180328,577
02:33,49.5444,22.283031,-2.049180328,581
02:34,49.6925,22.252486,-2.049180328,578
02:35,49.8077,22.230802,-2.151639344,583
02:36,49.8755,22.20925,-2.151639344,591
02:37,49.9485,22.192816,-2.049180328,597
02:38,50.0612,22.186872,-2.049180328,599
02:39,50.0878,22.197122,-1.946721311,592
02:40,50.1278,22.206104,-1.946721311,589
02:41,49.9686,22.212464,-1.946721311,588
02:42,49.8619,22.211619,-1.946721311,582
02:43,49.8122,22.209399,-1.946721311,584
02:44,49.8114,22.2066,-1.946721311,588
02:45,49.8283,22.204901,-1.946721311,584
02:46,49.818,22.205117,-1.946721311,583
02:47,49.8216,22.202086,-2.049180328,581
02:48,49.8035,22.205284,-2.049180328,584
02:49,49.8005,22.204315,-2.049180328,584
02:50,49.7919,22.207788,-1.946721311,590
02:51,49.7777,22.208591,-1.946721311,601
02:52,49.7691,22.207939,-2.049180328,585
02:53,49.7721,22.205535,-1.946721311,575
02:54,49.7064,22.204084,-1.946721311,563
02:55,49.7059,22.203547,-1.946721311,559
02:56,49.722,22.19993,-1.946721311,553
02:57,49.7633,22.198316,-1.946721311,552
02:58,49.815,22.194786,-1.946721311,546
02:59,49.8283,22.192687,-1.946721311,543
03:00,49.8929,22.190809,-2.049180328,540
03:01,49.9896,22.183249,-2.049180328,538
03:02,49.9858,22.174066,-2.049180328,540
03:03,50.0094,22.162729,-2.049180328,565
03:04,50.0523,22.145131,-2.049180328,584
03:05,50.1302,22.1242,-2.151639344,575
03:06,50.209,22.104702,-2.151639344,569
03:07,50.2854,22.084499,-2.151639344,567
03:08,50.3341,22.067208,-2.049180328,569
03:09,50.4101,22.046361,-2.151639344,572
03:10,50.5142,22.036467,-2.151639344,568
03:11,50.6083,22.025443,-2.151639344,564
03:12,50.6716,22.014028,-2.151639344,565
03:13,50.7635,22.004672,-2.049180328,565
03:14,50.7491,21.999615,-2.049180328,563
03:15,50.7138,21.993899,-2.049180328,563
03:16,50.7248,21.991453,-2.049180328,563
03:17,50.6883,21.984907,-2.049180328,560
03:18,50.7147,21.983209,-2.049180328,546
03:19,50.7133,21.986207,-1.946721311,539
03:20,50.6545,21.985423,-1.946721311,529
03:21,50.5824,21.988661,-1.946721311,529
03:22,50.5736,21.989786,-1.844262295,533
03:23,50.5334,21.991876,-1.844262295,539
03:24,50.517,21.996904,-1.844262295,542
03:25,50.4446,22.002167,-1.741803279,548
03:26,50.3863,22.012294,-1.741803279,551
03:27,50.3273,22.016451,-1.741803279,553
03:28,50.2937,22.019466,-1.741803279,552
03:29,50.2602,22.024332,-1.639344262,558
03:30,50.2436,22.027612,-1.639344262,556
03:31,50.2226,22.02702,-1.536885246,556
03:32,50.205,22.031117,-1.536885246,550
03:33,50.1958,22.0334,-1.536885246,553
03:34,50.1725,22.036489,-1.536885246,554
03:35,50.1839,22.03924,-1.536885246,547
03:36,50.1239,22.038743,-1.536885246,544
03:37,50.0864,22.044896,-1.536885246,538
03:38,50.0723,22.044042,-1.639344262,538
03:39,50.0387,22.046898,-1.639344262,536
03:40,50.0249,22.047769,-1.639344262,534
03:41,50.0026,22.050921,-1.639344262,534
03:42,49.9463,22.057043,-1.639344262,529
03:43,49.925,22.061065,-1.639344262,519
03:44,49.9704,22.068894,-1.639344262,521
03:45,50.032,22.077019,-1.536885246,527
03:46,50.0857,22.088412,-1.536885246,529
03:47,50.0811,22.096431,-1.536885246,537
03:48,49.9749,22.0997,-1.536885246,538
03:49,49.8637,22.101381,-1.536885246,556
03:50,49.7377,22.1068,-1.536885246,683
03:51,49.7016,22.110108,-1.536885246,566
03:52,49.6992,22.11862,-1.43442623,547
03:53,49.7274,22.125751,-1.43442623,537
03:54,49.6882,22.129857,-1.43442623,524
03:55,49.5991,22.129666,-1.43442623,523
03:56,49.5241,22.12576,-1.43442623,522
03:57,49.4904,22.1243,-1.43442623,525
03:58,49.4841,22.123173,-1.43442623,524
03:59,49.4851,22.117736,-1.43442623,522
04:00,49.4827,22.115703,-1.43442623,519
04:01,49.4361,22.118113,-1.43442623,519
04:02,49.3771,22.121547,-1.43442623,517
04:03,49.3124,22.129131,-1.43442623,516
04:04,49.2574,22.132638,-1.331967213,532
04:05,49.223,22.141145,-1.331967213,535
04:06,49.1748,22.143746,-1.43442623,536
04:07,49.0686,22.145774,-1.43442623,540
04:08,49.0433,22.14643,-1.536885246,547
04:09,49.0384,22.146991,-1.536885246,609
04:10,49.0425,22.14308,-1.639344262,587
04:11,49.0866,22.137143,-1.639344262,573
04:12,49.1699,22.128209,-1.741803279,548
04:13,49.2244,22.117549,-1.741803279,550
04:14,49.3184,22.103301,-1.844262295,551
04:15,49.4179,22.086868,-1.844262295,542
04:16,49.516,22.068055,-1.844262295,537
04:17,49.6595,22.047825,-1.946721311,528
04:18,49.8125,22.024287,-1.946721311,522
04:19,49.9405,21.999958,-1.946721311,519
04:20,50.0134,21.968457,-1.946721311,525
04:21,50.1057,21.941096,-1.946721311,527
04:22,50.1783,21.914114,-1.946721311,552
04:23,50.1544,21.88556,-1.946721311,564
04:24,50.0998,21.864531,-1.844262295,568
04:25,50.0903,21.848923,-1.844262295,581
04:26,50.0875,21.837211,-1.844262295,622
04:27,50.0904,21.825462,-1.844262295,590
04:28,50.1257,21.815645,-1.844262295,576
04:29,50.1859,21.800021,-1.844262295,564
04:30,50.2028,21.785236,-1.844262295,567
04:31,50.2413,21.764714,-1.844262295,566
04:32,50.2717,21.748964,-1.844262295,574
04:33,50.2668,21.731703,-1.844262295,575
04:34,50.2105,21.712601,-1.844262295,572
04:35,50.2243,21.70275,-1.844262295,570
04:36,50.2327,21.691925,-1.844262295,568
04:37,50.3496,21.686447,-1.844262295,564
04:38,50.4302,21.674854,-1.946721311,564
04:39,50.5462,21.664191,-1.946721311,565
04:40,50.608,21.649168,-2.049180328,566
04:41,50.729,21.632791,-2.151639344,563
04:42,50.8047,21.615422,-2.151639344,564
04:43,51.0211,21.605557,-2.151639344,561
04:44,51.2478,21.597189,-2.254098361,562
04:45,51.3355,21.588726,-2.254098361,560
04:46,51.3741,21.576056,-2.254098361,552
04:47,51.4879,21.559341,-2.254098361,538
04:48,51.4563,21.544578,-2.356557377,550
04:49,51.43,21.521286,-2.356557377,557
04:50,51.4569,21.497898,-2.356557377,556
04:51,51.5067,21.476639,-2.356557377,550
04:52,51.729,21.465971,-2.356557377,545
04:53,51.7791,21.455527,-2.254098361,539
04:54,51.7397,21.448583,-2.254098361,537
04:55,51.6826,21.435401,-2.254098361,541
04:56,51.6878,21.422169,-2.254098361,557
04:57,51.5988,21.410575,-2.151639344,565
04:58,51.505,21.403639,-2.151639344,574
04:59,51.3134,21.394868,-2.049180328,573
05:00,51.2454,21.386862,-2.049180328,571
05:10,49.2926,21.366954,-1.536885246,579
05:11,49.0629,21.37428,-1.43442623,584
05:12,48.8202,21.382501,-1.43442623,548
05:13,48.5864,21.394062,-1.43442623,573
05:14,48.3754,21.407,-1.43442623,552
05:15,48.2779,21.423736,-1.331967213,549
05:16,48.2676,21.442529,-1.331967213,546
05:17,48.0291,21.457357,-1.331967213,542
05:18,47.8154,21.465831,-1.331967213,544
05:19,47.5958,21.472197,-1.331967213,549
05:20,47.3525,21.475906,-1.331967213,551
05:21,47.2642,21.486628,-1.331967213,557
05:22,47.1056,21.496127,-1.331967213,569
05:23,46.9961,21.509693,-1.331967213,576
05:24,47.0361,21.526756,-1.331967213,594
05:25,47.0128,21.543571,-1.331967213,601
05:26,46.8049,21.559029,-1.331967213,602
05:27,46.7265,21.572929,-1.331967213,602
05:28,46.7433,21.591986,-1.229508197,592
05:29,46.6171,21.605181,-1.229508197,581
05:30,46.4664,21.615693,-1.229508197,569
05:31,46.2194,21.623995,-1.331967213,561
05:32,46.1653,21.633083,-1.331967213,556
05:33,45.9586,21.635121,-1.331967213,549
05:34,45.7339,21.634689,-1.43442623,545
05:35,45.7063,21.633297,-1.536885246,544
05:36,45.5917,21.627679,-1.639344262,530
05:37,45.485,21.624042,-1.639344262,520
05:38,45.3908,21.61843,-1.741803279,515
05:39,45.3936,21.614331,-1.844262295,503
05:40,45.3117,21.605483,-1.946721311,500
05:41,45.3555,21.600151,-2.049180328,496
05:42,45.2474,21.58979,-2.151639344,494
05:43,45.2848,21.580307,-2.254098361,493
05:44,45.3066,21.571405,-2.356557377,489
05:45,45.3635,21.560867,-2.459016393,487
05:46,45.2867,21.551992,-2.56147541,484
05:47,45.2533,21.539894,-2.663934426,482
05:48,45.2919,21.529285,-2.663934426,482
05:49,45.4862,21.520135,-2.663934426,481
05:50,45.8243,21.511727,-2.766393443,481
05:51,45.8781,21.50114,-2.766393443,482
05:52,45.8827,21.485135,-2.766393443,482
05:53,45.858,21.464002,-2.766393443,481
05:54,45.8683,21.443386,-2.766393443,482
05:55,45.8998,21.421414,-2.663934426,482
05:56,45.935,21.399815,-2.663934426,482
05:57,46.0428,21.377859,-2.56147541,479
05:58,46.1168,21.352788,-2.56147541,478
05:59,46.2482,21.327154,-2.56147541,480
06:00,46.3857,21.301055,-2.663934426,480
06:01,46.5553,21.274991,-2.663934426,480
06:02,46.7438,21.241881,-2.766393443,481
06:03,46.9228,21.209901,-2.868852459,482
06:04,47.1077,21.178255,-2.971311475,483
06:05,47.2494,21.147006,-2.971311475,485
06:06,47.3947,21.111657,-3.073770492,488
06:07,47.5269,21.077921,-3.073770492,496
06:08,47.6989,21.042257,-3.073770492,497
06:09,47.8409,21.009412,-3.176229508,498
06:10,48.0446,20.97163,-3.073770492,495
06:11,48.1952,20.936062,-3.073770492,493
06:12,48.4107,20.899509,-3.073770492,491
06:13,48.5422,20.866348,-3.073770492,490
06:14,48.6271,20.829309,-2.971311475,488
06:15,48.7799,20.800301,-2.868852459,489
06:16,49.0145,20.764108,-2.766393443,494
06:17,49.2767,20.739378,-2.766393443,506
06:18,49.4816,20.708555,-2.663934426,508
06:19,49.5904,20.676739,-2.56147541,508
06:20,49.7832,20.645667,-2.459016393,510
06:21,49.9982,20.615909,-2.356557377,507
06:22,50.372,20.586075,-2.356557377,503
06:23,50.5081,20.554258,-2.356557377,502
06:24,50.4376,20.51037,-2.254098361,500
06:25,50.3495,20.462944,-2.254098361,498
06:26,50.3715,20.423626,-2.254098361,497
06:27,50.453,20.392037,-2.049180328,498
06:28,50.3758,20.36724,-1.946721311,498
06:29,50.278,20.352549,-1.741803279,497
06:30,50.116,20.359761,-1.331967213,495
06:31,49.0182,20.386979,-0.409836066,496
06:32,48.8577,20.43502,0.922131148,493
06:33,47.897,20.4719,2.766393443,491
06:34,46.8716,20.510712,3.790983607,491
06:35,46.7482,20.574559,3.893442623,493
06:36,47.2199,20.647173,3.381147541,492
06:37,47.4202,20.708446,2.663934426,494
06:38,47.6953,20.745057,2.151639344,494
06:39,48.0126,20.767121,1.946721311,495
06:40,48.0272,20.7728,2.151639344,494
06:41,47.9117,20.771897,2.049180328,494
06:42,47.8964,20.766433,2.049180328,495
06:43,47.9311,20.751321,3.073770492,496
06:44,47.9641,20.732554,3.995901639,496
06:45,47.8713,20.723067,4.610655738,494
06:46,47.892,20.708364,5.12295082,496
06:47,47.4921,20.69203,5.737704918,495
06:48,47.0881,20.677365,6.557377049,494
06:49,46.7826,20.675645,7.581967213,492
06:50,46.3408,20.683907,8.709016393,489
06:51,46.4304,20.705583,9.93852459,490
06:52,46.7341,20.721078,10.45081967,491
06:53,46.8485,20.754922,12.39754098,491
06:54,47.2314,20.770522,13.42213115,490
06:55,47.7195,20.795768,14.95901639,488
06:56,47.8887,20.817348,16.9057377,488
06:57,47.2077,20.818704,19.26229508,489
06:58,46.1361,20.802344,21.82377049,490
06:59,45.3127,20.788168,24.3852459,491
07:00,44.4897,20.800908,26.63934426,488
07:01,44.2326,20.825439,28.38114754,488
07:02,43.7581,20.859515,29.81557377,486
07:03,43.6847,20.908428,31.35245902,486
07:04,43.7772,20.956759,32.99180328,485
07:05,43.8119,20.997961,34.93852459,486
07:06,43.5269,21.034787,36.78278689,490
07:07,43.4049,21.069224,38.62704918,490
07:08,42.8149,21.095313,40.57377049,492
07:09,42.5349,21.13298,42.31557377,490
07:10,42.3345,21.170657,44.3647541,490
07:11,42.1722,21.206942,46.72131148,490
07:12,41.9406,21.24787,49.59016393,490
07:13,41.8879,21.287048,52.45901639,493
07:14,41.8261,21.329223,55.43032787,495
07:15,41.6879,21.364889,58.29918033,497
07:16,41.5669,21.397411,61.37295082,500
07:17,41.6186,21.42227,64.95901639,497
07:18,41.4499,21.443316,69.26229508,493
07:19,41.3327,21.465946,78.99590164,490
07:20,41.5396,21.488206,90.06147541,488
07:21,40.9412,21.516507,85.04098361,486
07:22,40.4989,21.56008,86.68032787,485
07:23,40.0862,21.612582,96.61885246,483
07:24,40.0819,21.667796,103.4836066,482
07:25,40.3623,21.726326,112.192623,483
07:26,40.3975,21.793822,115.0614754,482
07:27,39.9031,21.866498,88.83196721,483
07:28,39.118,21.92768,82.78688525,484
07:29,38.9759,21.996898,80.73770492,485
07:30,39.1805,22.052703,79.91803279,487
07:31,38.9867,22.086237,79.81557377,487
07:32,39.1311,22.103119,80.73770492,489
07:33,39.354,22.108358,81.76229508,492
07:34,39.5595,22.108168,82.68442623,493
07:35,39.7833,22.097935,83.50409836,492
07:36,39.9898,22.08059,84.01639344,495
07:37,39.8334,22.055995,84.22131148,497
07:38,39.9196,22.025604,84.32377049,495
07:39,40.1362,22.007793,84.01639344,494
07:40,40.0527,21.989028,83.29918033,491
07:41,39.9358,21.964531,82.68442623,489
07:42,39.7837,21.940041,82.78688525,487
07:43,39.8823,21.925449,84.11885246,486
07:44,40.161,21.908548,89.54918033,487
07:45,40.1616,21.896451,114.8565574,491
07:46,40.3967,21.896644,130.1229508,492
07:47,40.4438,21.915817,106.7622951,491
07:48,40.5295,21.945605,92.82786885,490
07:49,40.4892,21.982206,88.1147541,490
07:50,40.29,22.016602,97.54098361,490
07:51,40.0017,22.048207,95.90163934,490
07:52,39.5594,22.079663,93.44262295,491
07:53,39.4524,22.120105,91.18852459,490
07:54,39.3589,22.162505,91.9057377,490
07:55,39.1292,22.19685,91.49590164,490
07:56,38.7678,22.22173,93.44262295,489
07:57,38.5171,22.240785,93.23770492,490
07:58,38.4894,22.268346,94.05737705,490
07:59,38.3826,22.300665,96.41393443,507
08:00,37.9362,22.332749,104.8155738,544
08:01,37.983,22.37657,113.2172131,538
08:02,37.6662,22.418204,115.2663934,543
08:03,37.2228,22.47054,131.9672131,535
08:04,37.1915,22.530582,155.3278689,528
08:05,37.252,22.599031,174.692623,522
08:06,37.1487,22.682874,227.2540984,520
08:07,37.1236,22.78484,270.9016393,523
08:08,36.7222,22.901974,277.3565574,538
08:09,36.296,23.037739,263.7295082,552
08:10,35.9958,23.198886,283.5040984,554
08:11,35.2895,23.366283,282.9918033,560
08:12,34.9617,23.544601,276.6393443,569
08:13,34.8286,23.708705,273.3606557,578
08:14,34.1801,23.853536,267.8278689,623
08:15,33.8863,23.985582,301.8442623,621
08:16,33.5541,24.093952,293.2377049,632
08:17,33.0986,24.19475,351.1270492,646
08:18,32.7848,24.298886,359.6311475,643
08:19,32.3992,24.407102,344.8770492,643
08:20,31.896,24.51425,355.1229508,644
08:21,31.6388,24.621318,357.9918033,640
08:22,31.1312,24.726567,368.2377049,637
08:23,30.8931,24.837262,341.1885246,672
08:24,30.5252,24.93996,371.3114754,684
08:25,30.1486,25.023404,428.4836066,686
08:26,30.0948,25.089165,415.4713115,685
08:27,29.8262,25.129266,437.295082,679
08:28,29.7976,25.193322,425.9221311,672
08:29,29.7209,25.276758,357.2745902,675
08:30,29.6857,25.370058,431.7622951,690
08:31,29.2634,25.44631,439.6516393,727
08:32,29.2905,25.519901,423.4631148,747
08:33,29.1337,25.596787,366.5983607,764
08:34,28.9332,25.661914,323.6680328,767
08:35,28.6773,25.707945,330.0204918,778
08:36,28.6151,25.734118,342.3155738,765
08:37,28.465,25.759999,334.3237705,774
08:38,28.3577,25.785812,315.1639344,778
08:39,28.2869,25.809163,312.295082,808
08:40,28.1436,25.840389,304.7131148,811
08:41,28.1221,25.865912,320.7991803,801
08:42,28.106,25.894002,328.0737705,796
08:43,28.1844,25.945668,319.2622951,790
08:44,27.8777,26.000285,318.0327869,793
08:45,27.7799,26.067188,313.6270492,809
08:46,27.8157,26.133174,316.1885246,820
08:47,27.9347,26.220688,333.1967213,843
08:48,27.571,26.313699,347.5409836,878
08:49,27.5338,26.410134,347.0286885,895
08:50,27.285,26.54022,341.0860656,918
08:51,26.7501,26.65874,276.1270492,935
08:52,26.5193,26.739428,213.3196721,971
08:53,26.3761,26.786172,213.1147541,976
08:54,26.3411,26.825159,230.1229508,988
08:55,26.327,26.849758,265.9836066,991
08:56,26.2223,26.867293,297.4385246,997
08:57,26.2305,26.887204,327.7663934,1044
08:58,26.227,26.930329,360.2459016,1046
08:59,26.2941,26.994029,381.352459,1065
09:00,25.9903,27.083695,423.5655738,1074
09:01,25.9076,27.19729,447.5409836,1080
09:02,25.6179,27.328948,487.295082,1102
09:03,25.1041,27.465371,504.6106557,1124
09:04,25.1716,27.633155,516.2909836,1124
09:05,24.9525,27.806846,527.9713115,1133
09:06,24.6012,27.955689,532.7868852,1144
09:07,23.8695,28.087845,542.2131148,1171
09:08,23.8514,28.204813,543.3401639,1189
09:09,23.586,28.327944,503.9959016,1198
09:10,23.0821,28.428042,454.4057377,1199
09:11,22.7782,28.502103,469.3647541,1216
09:12,22.573,28.536917,523.1557377,1221
09:13,22.7203,28.588044,587.0901639,1233
09:14,22.7151,28.645858,531.8647541,1230
09:15,22.7753,28.711775,553.4836066,1207
09:16,23.0507,28.787359,542.5204918,1203
09:17,21.9596,28.844669,522.4385246,1199
09:18,22.7487,28.910526,516.9057377,1206
09:19,22.3293,28.984049,432.5819672,1194
09:20,21.8806,29.025901,402.2540984,1197
09:21,21.7046,29.059994,434.6311475,1198
09:22,21.5588,29.098059,434.5286885,1193
09:23,21.1424,29.132385,421.4139344,1199
09:24,21.345,29.185321,408.1967213,1195
09:25,20.808,29.221113,409.3237705,1202
09:26,20.87,29.266873,415.6762295,1193
09:27,20.525,29.332412,390.3688525,1192
09:28,21.0152,29.404279,388.5245902,1189
09:29,20.3215,29.467542,408.9139344,1195
09:30,20.1995,29.530189,451.0245902,1191
09:31,20.1162,29.585585,447.0286885,1210
09:32,19.6589,29.641687,427.7663934,1241
09:33,19.4936,29.688611,424.795082,1244
09:34,19.7891,29.75042,425.6147541,1246
09:35,19.2069,29.797939,470.7991803,1245
09:36,19.2619,29.857894,484.4262295,1240
09:37,19.3588,29.923698,542.9303279,1237
09:38,19.2705,30.000296,567.8278689,1241
09:39,19.3683,30.073948,583.9139344,1241
09:40,18.9002,30.170532,556.25,1237
09:41,18.5893,30.278135,559.4262295,1235
09:42,17.7551,30.386322,553.8934426,1222
09:43,16.6796,30.479441,535.9631148,1230
09:44,16.853,30.555186,495.9016393,1236
09:45,17.0062,30.627392,493.2377049,1236
09:46,16.9221,30.715581,505.7377049,1233
09:47,16.7821,30.762789,515.0614754,1228
09:48,16.8435,30.828403,523.4631148,1220
09:49,16.38,30.909681,498.1557377,1194
09:50,16.0468,30.984383,470.9016393,1146
09:51,15.2297,31.04776,428.5860656,1113
09:52,15.3325,31.113725,499.692623,1110
09:53,15.3419,31.186206,567.6229508,1101
09:54,15.1047,31.254488,568.3401639,1107
09:55,14.7062,31.336429,542.2131148,1115
09:56,14.4663,31.385295,570.7991803,1122
09:57,14.5529,31.43433,478.9959016,1132
09:58,13.9766,31.511922,508.6065574,1169
09:59,13.8997,31.541439,506.045082,1172
10:00,13.6139,31.606766,569.3647541,1175
10:01,13.681,31.667187,554.4057377,1166
10:02,13.4766,31.761232,512.295082,1166
10:03,13.0966,31.84074,513.8319672,1175
10:04,13.1712,31.856136,566.8032787,1184
10:05,12.9692,31.933616,599.0778689,1179
10:06,12.8639,32.002792,587.192623,1179
10:07,12.7539,32.071378,559.5286885,1190
10:08,12.6677,32.129189,537.704918,1209
10:09,12.3939,32.149977,554.2008197,1215
10:10,12.5868,32.147841,592.4180328,1213
10:11,12.6921,32.18278,603.8934426,1216
10:12,12.5402,32.243141,605.2254098,1211
10:13,12.2001,32.314092,593.3401639,1218
10:14,11.9837,32.335486,593.442623,1222
10:15,11.8627,32.378457,599.1803279,1227
10:16,11.7669,32.423781,624.692623,1229
10:17,11.7587,32.489299,661.2704918,1228
10:18,11.6789,32.56636,670.7991803,1225
10:19,11.5565,32.628024,676.6393443,1221
10:20,11.7498,32.672272,665.9836066,1221
10:21,11.5156,32.754456,659.4262295,1216
10:22,11.6068,32.792714,657.5819672,1201
10:23,11.8769,32.856987,650.8196721,1187
10:24,11.7428,32.905214,648.9754098,1182
10:25,11.6492,32.990692,659.4262295,1181
10:26,11.5639,33.014121,633.5040984,1180
10:27,11.4264,33.00184,605.4303279,1187
10:28,11.6974,32.941706,556.557377,1188
10:29,11.4185,32.961701,483.1967213,1195
10:30,11.5315,32.925233,471.9262295,1199
10:31,11.6095,32.790646,464.8565574,1199
10:32,11.7789,32.664847,421.6188525,1204
10:33,11.8947,32.556295,382.9918033,1207
10:34,12.091,32.427524,359.3237705,1201
10:35,12.0215,32.341174,338.2172131,1160
10:36,11.8089,32.270848,322.3360656,1162
10:37,12.0449,32.174048,314.9590164,1146
10:38,12.3429,32.065252,360.5532787,1128
10:39,12.4545,32.008368,358.9139344,1108
10:40,12.4799,31.987178,371.4139344,1083
10:41,12.6488,31.99918,423.8729508,1075
10:42,12.5035,32.035699,426.2295082,1074
10:43,12.3654,32.048587,459.7336066,1078
10:44,12.2393,32.046139,466.8032787,1081
10:45,12.3629,32.077026,544.8770492,1081
10:46,12.3604,32.135404,551.0245902,1079
10:47,12.186,32.185918,559.0163934,1072
10:48,12.2854,32.236494,541.0860656,1071
10:49,12.4405,32.23917,520.4918033,1069
10:50,12.5642,32.231696,700.8196721,1067
10:51,12.6003,32.240663,576.4344262,1063
10:52,12.5361,32.241359,719.5696721,1062
10:53,12.3413,32.225443,710.5532787,1055
10:54,12.4904,32.196786,689.4467213,1051
10:55,12.5969,32.172614,665.1639344,1048
10:56,12.616,32.165181,620.2868852,1045
10:57,12.7129,32.183718,647.4385246,1050
10:58,12.5853,32.187887,704.0983607,1060
10:59,12.5688,32.217355,709.9385246,1069
11:00,12.6687,32.266501,681.25,1076
11:01,13.0248,32.333029,662.602459,1086
11:02,12.6164,32.473678,583.0942623,1095
11:03,12.5291,32.515538,614.0368852,1103
11:04,12.7398,32.577406,667.1106557,1117
11:05,12.7344,32.587121,714.2418033,1132
11:06,13.0375,32.592656,695.2868852,1129
11:07,12.7822,32.650722,680.4303279,1123
11:08,12.778,32.755343,650,1124
11:09,12.6014,32.819823,672.1311475,1119
11:10,12.558,32.881098,661.1680328,1117
11:11,12.2821,32.881457,725.204918,1121
11:12,12.0627,32.867969,753.1762295,1126
11:13,12.4614,32.873653,656.352459,1126
11:14,12.5757,32.980991,682.3770492,1133
11:15,12.595,33.098465,650.9221311,1135
11:16,12.3059,33.182692,702.3565574,1137
11:17,12.2304,33.239166,735.2459016,1136
11:18,12.2069,33.28887,767.8278689,1139
11:19,12.0841,33.344923,765.8811475,1138
11:20,12.014,33.357021,748.6680328,1118
11:21,11.9748,33.458679,753.2786885,1099
11:22,11.7065,33.534585,680.4303279,1100
11:23,11.5739,33.533667,763.9344262,1100
11:24,11.4772,33.500163,763.5245902,1097
11:25,11.6295,33.484072,756.7622951,1099
11:26,11.9117,33.503487,676.7418033,1100
11:27,11.7934,33.491846,705.942623,1099
11:28,12.3074,33.482994,704.9180328,1097
11:29,11.7316,33.474059,762.295082,1090
11:30,12.1723,33.482783,753.2786885,1090
11:31,12.1686,33.502016,745.0819672,1084
11:32,12.0423,33.570181,787.602459,1071
11:33,11.8378,33.632842,779.9180328,1076
11:34,11.6153,33.665432,791.4959016,1076
11:35,11.4968,33.66119,790.1639344,1075
11:36,11.7153,33.730786,787.602459,1055
11:37,11.4068,33.909796,784.6311475,1059
11:38,11.1621,33.94717,780.7377049,1059
11:39,11.2902,33.986062,783.8114754,1065
11:40,11.52,34.064821,793.0327869,1073
11:41,11.4926,34.189237,792.9303279,1082
11:42,11.5459,34.257663,806.8647541,1078
11:43,11.0385,34.299811,812.397541,1101
11:44,11.4841,34.320655,817.4180328,1118
11:45,11.4528,34.404994,801.3319672,1122
11:46,11.3115,34.425414,815.6762295,1123
11:47,11.234,34.381909,835.4508197,1121
11:48,11.5118,34.378485,835.3483607,1122
11:49,11.235,34.467853,775.9221311,1126
11:50,10.8582,34.465363,829.7131148,1140
11:51,11.1541,34.393564,832.3770492,1137
11:52,11.261,34.27303,839.3442623,1058
11:53,11.2028,34.126949,865.6762295,1032
11:54,11.3999,33.966478,720.6967213,1033
11:55,11.7893,33.816597,712.602459,1029
11:56,11.6167,33.744494,440.7786885,1027
11:57,11.6456,33.720195,501.0245902,1021
11:58,11.9044,33.673786,345.0819672,1016
11:59,11.7611,33.65013,382.2745902,1011
12:00,11.898,33.557363,587.5,1006
12:01,12.1486,33.469105,416.5983607,1000
12:02,12.4606,33.396998,366.5983607,1005
12:03,12.5009,33.360218,462.704918,1004
12:04,12.6254,33.323096,512.5,1011
12:05,13.0121,33.282525,603.2786885,1018
12:06,13.0204,33.324861,659.8360656,1037
12:07,12.7638,33.367051,649.4877049,1052
12:08,12.327,33.419642,684.5286885,1059
12:09,12.2767,33.4295,722.7459016,1063
12:10,12.5211,33.389244,754.8155738,1088
12:11,12.5071,33.371179,765.7786885,1138
12:12,12.6005,33.376697,721.4139344,1107
12:13,12.581,33.381406,652.3565574,1069
12:14,12.5078,33.402477,638.6270492,1065
12:15,12.3623,33.392802,635.2459016,1064
12:16,12.5076,33.445708,655.942623,1064
12:17,12.3567,33.53686,748.6680328,1068
12:18,12.3335,33.627448,811.6803279,1068
12:19,12.2223,33.751311,826.1270492,1063
12:20,11.8045,33.819109,849.897541,1060
12:21,11.836,33.865019,877.8688525,1059
12:22,11.915,33.886627,873.3606557,1052
12:23,11.9462,34.034433,828.4836066,1043
12:24,11.7649,34.169798,902.1516393,1034
12:25,11.9439,34.252594,916.4959016,1031
12:26,11.4504,34.31175,900.9221311,1032
12:27,11.4372,34.369748,765.5737705,1028
12:28,11.2971,34.369034,707.7868852,1026
12:29,11.4211,34.333536,757.8893443,1026
12:30,11.3795,34.315352,805.7377049,1027
12:31,11.5298,34.287851,807.0696721,1028
12:32,11.576,34.2812,758.1967213,1029
12:33,11.5622,34.27096,679.0983607,1028
12:34,11.8106,34.259018,781.9672131,1030
12:35,11.7941,34.29623,783.6065574,1039
12:36,11.7276,34.275601,783.9139344,1042
12:37,11.9239,34.234116,861.1680328,1050
12:38,11.9974,34.301574,666.4959016,1069
12:39,11.7166,34.377789,902.0491803,1068
12:40,11.771,34.409343,956.8647541,1066
12:41,11.7785,34.515236,785.0409836,1067
12:42,11.7444,34.592271,556.25,1100
12:43,11.9018,34.653152,617.5204918,1106
12:44,11.8523,34.682166,590.2663934,1110
12:45,11.87,34.675486,659.9385246,1113
12:46,12.0844,34.645484,602.3565574,1113
12:47,12.0607,34.660552,392.9303279,1116
12:48,11.9371,34.664754,442.0081967,1122
12:49,12.0045,34.663542,421.6188525,1127
12:50,12.0702,34.622107,547.2336066,1126
12:51,12.1848,34.499602,567.2131148,1117
12:52,12.3876,34.358861,620.0819672,1112
12:53,12.6613,34.218071,710.8606557,1111
12:54,12.7587,34.141836,597.7459016,1103
12:55,12.8032,34.036236,605.0204918,1096
12:56,13.0135,33.9109,713.8319672,1085
12:57,13.1577,33.851685,780.942623,1078
12:58,13.2322,33.909458,691.3934426,1050
12:59,13.1272,33.960938,846.4139344,1042
13:00,13.0454,34.02089,735.2459016,1035
13:01,12.972,34.068681,576.6393443,1038
13:02,12.8819,34.082278,656.352459,1046
13:03,13.0361,34.049825,677.3565574,1051
13:04,13.1045,34.091422,661.2704918,1058
13:05,13.1322,34.143256,591.4959016,1074
13:06,12.9734,34.193913,700,1110
13:07,12.931,34.250891,797.1311475,1120
13:08,12.9823,34.312526,837.9098361,1125
13:09,12.8091,34.332511,793.545082,1129
13:10,12.9082,34.325936,544.3647541,1130
13:11,12.75,34.336175,621.3114754,1140
13:12,12.7785,34.32389,584.1188525,1152
13:13,12.6598,34.285298,530.4303279,1167
13:14,13.0157,34.148963,520.3893443,1168
13:15,13.2058,34.039973,631.352459,1173
13:16,13.2993,34.015671,571.1065574,1175
13:17,13.0884,34.039505,567.4180328,1210
13:18,13.2256,34.012995,477.1516393,1250
13:19,13.3126,33.994384,415.0614754,1279
13:20,13.3498,33.975696,469.9795082,1289
13:21,13.5297,33.959916,419.3647541,1258
13:22,13.5954,33.92785,383.4016393,1207
13:23,13.6919,33.895384,394.2622951,1110
13:24,14.0128,33.81508,356.9672131,1102
13:25,13.8948,33.820324,357.8893443,1114
13:26,14.1175,33.781403,321.1065574,1134
13:27,14.1833,33.734007,306.25,1154
13:28,14.2086,33.673177,290.8811475,1164
13:29,14.3233,33.624817,312.602459,1212
13:30,14.3574,33.589127,390.0614754,1199
13:31,14.4667,33.540304,414.4467213,1195
13:32,14.4698,33.518128,396.6188525,1191
13:33,14.4887,33.507406,444.1598361,1197
13:34,14.5637,33.493786,386.2704918,1217
13:35,14.7827,33.468972,360.8606557,1236
13:36,14.8189,33.494325,422.7459016,1253
13:37,14.7441,33.511881,391.2909836,1262
13:38,14.6782,33.563229,355.7377049,1271
13:39,14.7135,33.564726,372.8483607,1277
13:40,14.5991,33.606294,483.1967213,1281
13:41,14.4804,33.619428,478.0737705,1263
13:42,14.5022,33.614352,482.4795082,1231
13:43,14.5714,33.612898,456.8647541,1223
13:44,14.4956,33.61365,462.295082,1208
13:45,14.7063,33.555778,379.0983607,1197
13:46,14.7501,33.514861,524.4877049,1186
13:47,14.9665,33.462602,565.1639344,1135
13:48,14.9395,33.49573,593.0327869,1118
13:49,14.9839,33.520397,603.1762295,1096
13:50,14.984,33.607442,589.9590164,1082
13:51,14.6284,33.687766,578.7909836,1076
13:52,14.4526,33.740739,554.2008197,1081
13:53,14.6294,33.787993,552.4590164,1083
13:54,14.302,33.876856,569.4672131,1089
13:55,14.2771,33.942997,535.3483607,1091
13:56,14.2889,34.022723,492.8278689,1093
13:57,14.2746,34.077243,498.8729508,1106
13:58,14.1867,34.136208,498.4631148,1126
13:59,14.0625,34.184796,486.3729508,1128
14:00,14.0391,34.196112,458.9139344,1132
14:01,14.0933,34.233102,436.6803279,1129
14:02,13.9907,34.272667,403.9959016,1130
14:03,14.0402,34.288762,435.1434426,1126
14:04,14.0139,34.289945,427.6639344,1121
14:05,14.0607,34.265864,444.4672131,1118
14:06,14.0253,34.236383,420.1844262,1111
14:07,13.9296,34.223454,483.2991803,1092
14:08,13.9093,34.181114,522.5409836,1082
14:09,14.3772,34.151394,522.9508197,1086
14:10,14.5076,34.148902,473.0532787,1075
14:11,14.2635,34.142524,411.5778689,1072
14:12,14.7758,34.099893,409.1188525,1087
14:13,15.0552,34.119384,380.7377049,1083
14:14,14.7935,34.117187,368.1352459,1076
14:15,15.0669,34.052823,383.8114754,1072
14:16,15.0993,34.017031,436.8852459,1067
14:17,15.2075,34.001137,513.8319672,1065
14:18,15.6247,33.972226,404.4057377,1061
14:19,15.5144,33.979703,451.0245902,1063
14:20,15.6755,33.922897,518.954918,1060
14:21,15.7495,33.893116,611.6803279,1045
14:22,15.708,33.900774,502.9713115,1040
14:23,15.988,33.919257,504.3032787,1038
14:24,15.5619,33.938878,399.5901639,1023
14:25,16.0153,33.944157,340.4713115,1017
14:26,16.0601,33.921664,322.0286885,1017
14:27,16.4176,33.824403,288.3196721,1018
14:28,16.4203,33.739231,286.5778689,1020
14:29,16.2995,33.670332,287.0901639,1021
14:30,16.4217,33.585157,285.9631148,1021
14:31,16.7281,33.507044,283.4016393,1023
14:32,16.964,33.446239,276.9467213,1028
14:33,17.1331,33.391031,276.4344262,1033
14:34,17.5353,33.333332,274.3852459,1040
14:35,17.4022,33.300813,271.3114754,1065
14:36,17.4232,33.237215,281.25,1077
14:37,17.6805,33.175997,283.1967213,1069
14:38,17.7404,33.131638,284.9385246,1066
14:39,17.8058,33.124263,278.3811475,1066
14:40,17.4166,33.088548,300.5122951,1073
14:41,17.1819,33.075083,319.5696721,1075
14:42,17.2064,33.076843,351.1270492,1061
14:43,17.1164,33.083434,370.4918033,1057
14:44,17.1622,33.095005,390.6762295,1057
14:45,16.9691,33.096138,407.6844262,1057
14:46,16.9182,33.111679,407.1721311,1059
14:47,17.0868,33.114949,404.6106557,1060
14:48,17.2012,33.130798,382.2745902,1058
14:49,17.5548,33.105563,352.9713115,1054
14:50,17.6476,33.089643,363.3196721,1048
14:51,17.909,33.096108,372.9508197,1049
14:52,18.1739,33.092518,374.4877049,1019
14:53,18.6326,33.079841,377.7663934,1014
14:54,19.0598,33.028894,382.3770492,1010
14:55,20.3288,32.986418,403.4836066,1002
14:56,20.7588,32.959466,413.1147541,992
14:57,20.8474,32.932593,421.8237705,987
14:58,21.1051,32.914095,420.9016393,955
14:59,20.918,32.897054,422.5409836,945
15:00,20.5001,32.795929,398.5655738,949
15:01,22.9913,32.677915,352.1516393,952
15:02,23.2,32.581279,331.045082,947
15:03,22.7506,32.46778,338.8319672,945
15:04,23.6477,32.344028,348.7704918,939
15:05,22.8871,32.240839,391.5983607,939
15:06,22.7388,32.154911,333.2991803,936
15:07,22.8015,32.093586,340.0614754,932
15:08,23.777,32.071039,301.9467213,923
15:09,25.1751,32.027848,278.7909836,922
15:10,26.4843,31.952281,289.4467213,927
15:11,27.7252,31.866539,280.942623,926
15:12,28.2533,31.763078,314.5491803,925
15:13,29.531,31.603868,333.6065574,927
15:14,30.0536,31.494034,221.3114754,926
15:15,29.4803,31.372812,206.25,925
15:16,28.9579,31.294053,212.602459,925
15:17,27.9333,31.207689,210.0409836,926
15:18,28.4656,31.127324,200.5122951,924
15:19,28.3574,31.039112,198.4631148,934
15:20,29.8753,30.945579,196.5163934,952
15:21,31.396,30.847833,196.9262295,955
15:22,32.4144,30.781652,196.0040984,960
15:23,33.681,30.718068,190.6762295,962
15:24,33.7275,30.659701,189.2418033,967
15:25,34.3483,30.568685,190.0614754,969
15:26,35.2099,30.493339,191.7008197,969
15:27,35.7945,30.435438,194.5696721,967
15:28,36.3379,30.388806,201.1270492,966
15:29,36.5819,30.324474,210.5532787,963
15:30,36.9312,30.272284,228.1762295,952
15:31,37.4679,30.210914,235.2459016,950
15:32,37.6367,30.157524,227.2540984,942
15:33,38.0534,30.105599,238.8319672,964
15:34,38.1352,30.073483,231.147541,976
15:35,38.4199,30.03032,220.4918033,971
15:36,38.8837,29.968991,212.0901639,972
15:37,38.9455,29.937411,204.5081967,1042
15:38,39.7924,29.878249,194.8770492,1034
15:39,39.7371,29.849491,184.7336066,1045
15:40,40.042,29.823212,175.102459,1040
15:41,39.9618,29.762603,167.0081967,1040
15:42,40.7999,29.677472,160.0409836,1045
15:43,41.3423,29.638552,154.3032787,1059
15:44,41.8605,29.60479,150.307377,1076
15:45,41.9123,29.576085,149.2827869,1081
15:46,42.054,29.538838,154.9180328,1087
15:47,42.9311,29.479246,159.3237705,1106
15:48,43.8858,29.439543,161.9877049,1136
15:49,43.9077,29.426827,165.9836066,1128
15:50,44.1926,29.397649,170.3893443,1130
15:51,44.3011,29.381775,177.9713115,1147
15:52,44.7118,29.366315,182.8893443,1178
15:53,45.2769,29.354812,187.5,1180
15:54,45.5329,29.335315,190.0614754,1181
15:55,45.8706,29.33175,189.9590164,1082
15:56,45.6409,29.318791,186.1680328,1059
15:57,46.2384,29.31904,186.1680328,1023
15:58,46.4049,29.340877,181.7622951,978
15:59,46.1904,29.352765,176.9467213,945
16:00,46.3864,29.333253,171.5163934,956
16:01,46.0693,29.311604,165.8811475,962
16:02,46.5146,29.270326,159.2213115,966
16:03,46.7897,29.247219,150.9221311,971
16:04,47.1532,29.276971,144.3647541,979
16:05,47.3706,29.307256,135.5532787,1001
16:06,47.4156,29.321997,126.6393443,1023
16:07,47.6757,29.316718,118.1352459,1030
16:08,47.827,29.301195,110.4508197,1026
16:09,48.3051,29.290551,103.4836066,1018
16:10,48.4058,29.275076,96.92622951,1015
16:11,48.6816,29.244337,90.88114754,1001
16:12,48.7914,29.219386,85.75819672,947
16:13,49.446,29.204298,82.17213115,929
16:14,50.032,29.180481,80.43032787,937
16:15,50.189,29.15901,81.14754098,946
16:16,50.0097,29.133658,83.29918033,980
16:17,50.6641,29.105978,86.06557377,1243
16:18,50.7089,29.086138,88.83196721,972
16:19,50.7276,29.04845,90.88114754,951
16:20,51.2449,29.017341,92.00819672,1000
16:21,51.6316,29.005035,92.11065574,834
16:22,52.0612,29.009812,91.59836066,834
16:23,51.9388,29.00786,90.36885246,767
16:24,51.7044,28.966435,88.52459016,764
16:25,51.7795,28.926394,85.96311475,700
16:26,52.2365,28.900938,82.68442623,733
16:27,52.2777,28.887851,78.99590164,648
16:28,52.3284,28.858963,74.89754098,677
16:29,52.8724,28.833555,70.79918033,693
16:30,53.2319,28.825962,67.11065574,698
16:31,53.531,28.806961,64.03688525,703
16:32,53.667,28.779187,61.68032787,711
16:33,53.9079,28.753282,59.93852459,725
16:34,54.3226,28.725888,58.81147541,744
16:35,54.5378,28.702834,57.88934426,770
16:36,54.56,28.683024,56.8647541,793
16:37,54.5848,28.650973,55.73770492,806
16:38,54.7665,28.614448,54.30327869,803
16:39,55.0407,28.595927,53.27868852,802
16:40,55.3473,28.578825,52.04918033,808
16:41,55.5272,28.566502,50.71721311,812
16:42,55.6877,28.551536,49.18032787,815
16:43,55.7452,28.521252,47.13114754,806
16:44,56.1204,28.493249,45.28688525,801
16:45,56.5296,28.48115,42.93032787,783
16:46,56.6659,28.460372,40.47131148,777
16:47,56.4035,28.425028,38.1147541,779
16:48,56.327,28.382146,36.06557377,790
16:49,56.5526,28.347902,34.42622951,788
16:50,56.6868,28.327824,33.19672131,792
16:51,56.6145,28.30816,32.37704918,801
16:52,56.6652,28.278514,31.76229508,800
16:53,56.6941,28.258929,31.14754098,791
16:54,56.4778,28.245977,30.53278689,786
16:55,56.4562,28.228692,29.81557377,780
16:56,56.5103,28.219685,29.09836066,777
16:57,56.5335,28.21362,28.48360656,779
16:58,56.3414,28.207847,27.86885246,776
16:59,56.3846,28.191963,27.15163934,777
17:00,56.3306,28.172613,26.43442623,777
17:01,56.2455,28.15843,25.6147541,770
17:02,56.2351,28.149566,24.79508197,769
17:03,56.1494,28.143595,23.87295082,765
17:04,56.2302,28.131743,22.95081967,758
17:05,56.2398,28.120801,22.13114754,760
17:06,56.2182,28.117468,21.20901639,752
17:07,56.3655,28.105288,20.5942623,749
17:08,56.6631,28.102487,19.9795082,742
17:09,57.0483,28.101104,19.46721311,738
17:10,57.2225,28.097263,19.05737705,728
17:11,57.4154,28.089041,18.75,731
17:12,57.5975,28.079632,18.34016393,738
17:13,57.7241,28.06586,17.82786885,743
17:14,57.9583,28.058649,17.11065574,743
17:15,58.2441,28.049755,16.18852459,747
17:16,58.7276,28.049755,14.95901639,760
17:17,59.0946,28.051462,13.42213115,772
17:18,59.4201,28.042696,11.68032787,779
17:19,59.7562,28.03185,9.93852459,789
17:20,59.9749,28.014577,8.196721311,798
17:21,60.1912,27.995391,6.762295082,804
17:22,60.4945,27.97264,5.532786885,809
17:23,60.7742,27.954588,4.508196721,819
17:24,61.068,27.934295,3.790983607,823
17:25,61.3908,27.909507,3.176229508,837
17:26,61.64,27.884379,2.663934426,842
17:27,61.7642,27.867218,2.254098361,857
17:28,62.0366,27.844396,2.049180328,867
17:29,62.6876,27.831365,1.741803279,867
17:30,63.1189,27.825327,1.536885246,874
17:31,63.4503,27.824623,1.331967213,883
17:32,63.5817,27.814278,1.024590164,887
17:33,63.7118,27.796194,0.819672131,896
17:34,63.7996,27.774759,0.614754098,905
17:35,63.8652,27.749893,0.409836066,912
17:36,63.8743,27.724332,0.204918033,945
17:37,63.9487,27.703125,0.102459016,994
17:38,63.9825,27.681417,-0.102459016,1011
17:39,64.0362,27.652355,-0.307377049,1029
17:40,64.1368,27.643369,-0.307377049,1036
17:41,64.1686,27.627412,-0.512295082,1070
17:42,64.1953,27.609548,-0.717213115,1098
17:43,64.284,27.594684,-0.819672131,1107
17:44,64.3629,27.579923,-1.024590164,1112
17:45,64.4694,27.573535,-1.12704918,1126
17:46,64.5974,27.560367,-1.229508197,1139
17:47,64.7052,27.553588,-1.331967213,1133
17:48,64.9319,27.544611,-1.43442623,1128
17:49,65.0984,27.540108,-1.43442623,1128
17:50,65.1317,27.528613,-1.536885246,1123
17:51,65.2566,27.519638,-1.639344262,1117
17:52,65.5608,27.510611,-1.741803279,1114
17:53,65.8851,27.509279,-1.741803279,1111
17:54,66.1055,27.505585,-1.844262295,1111
17:55,66.2227,27.496196,-1.844262295,1107
17:56,66.342,27.482846,-1.844262295,1105
17:57,66.484,27.470644,-1.946721311,1105
17:58,66.6167,27.45309,-1.946721311,1108
17:59,66.7763,27.439997,-1.946721311,1109
18:00,66.9463,27.425691,-1.946721311,1116
18:01,67.0658,27.408995,-1.844262295,1116
18:02,67.1794,27.39247,-1.844262295,1119
18:03,67.2474,27.383101,-1.844262295,1110
18:04,67.3739,27.373276,-1.844262295,1129
18:05,67.5133,27.358159,-1.844262295,1138
18:06,67.619,27.34561,-1.844262295,1154
18:07,67.7208,27.334836,-1.844262295,1161
18:08,67.8131,27.322874,-1.844262295,1159
18:09,67.8794,27.313916,-1.741803279,1156
18:10,67.9266,27.300197,-1.741803279,1165
18:11,67.9588,27.28737,-1.741803279,1170
18:12,67.9515,27.274817,-1.741803279,1170
18:13,67.9767,27.26486,-1.741803279,1168
18:14,67.9901,27.253847,-1.844262295,1155
18:15,68.0394,27.242026,-1.741803279,1149
18:16,68.037,27.231263,-1.741803279,1143
18:17,68.0964,27.221941,-1.741803279,1138
18:18,68.1348,27.209549,-1.741803279,1129
18:19,68.1604,27.201016,-1.741803279,1108
18:20,68.1826,27.190039,-1.741803279,1018
18:21,68.1312,27.183311,-1.741803279,993
18:22,68.2255,27.17125,-1.741803279,917
18:23,68.1853,27.163922,-1.741803279,837
18:24,68.1582,27.155951,-1.741803279,811
18:25,68.134,27.142829,-1.741803279,795
18:26,68.0014,27.129456,-1.741803279,756
18:27,67.756,27.107635,-1.741803279,741
18:28,67.8217,27.088828,-1.741803279,693
18:29,67.8135,27.084745,-1.741803279,676
18:30,67.7088,27.07362,-1.741803279,656
18:31,67.636,27.066207,-1.741803279,651
18:32,67.6203,27.058217,-1.741803279,643
18:33,67.5964,27.057952,-1.741803279,635
18:34,67.4615,27.048699,-1.741803279,624
18:35,67.4067,27.03861,-1.741803279,629
18:36,67.325,27.032245,-1.741803279,635
18:37,67.2674,27.021767,-1.741803279,646
18:38,67.2326,27.015463,-1.741803279,652
18:39,67.2038,27.011144,-1.741803279,654
18:40,67.2677,27.007299,-1.741803279,659
18:41,67.2717,27.009771,-1.741803279,680
18:42,67.3581,27.009529,-1.741803279,702
18:43,67.5612,27.022222,-1.741803279,763
18:44,67.7023,27.028174,-1.741803279,762
18:45,67.8471,27.038609,-1.741803279,745
18:46,67.9474,27.041531,-1.639344262,734
18:47,67.9788,27.040019,-1.639344262,720
18:48,68.0472,27.036157,-1.639344262,705
18:49,68.108,27.030149,-1.741803279,694
18:50,68.0942,27.020963,-1.741803279,672
18:51,68.0194,27.005396,-1.741803279,628
18:52,68.0384,26.995975,-1.741803279,627
18:53,67.999,26.984489,-1.741803279,632
18:54,68.0066,26.97191,-1.639344262,637
18:55,68.019,26.95928,-1.741803279,639
18:56,68.0222,26.95078,-1.741803279,649
18:57,68.0009,26.938526,-1.741803279,672
18:58,67.973,26.932138,-1.741803279,755
18:59,67.9711,26.921084,-1.741803279,752
19:00,67.9767,26.910703,-1.741803279,751
19:01,67.9544,26.906461,-1.741803279,759
19:02,67.9858,26.895008,-1.741803279,761
19:03,68.0341,26.887031,-1.741803279,769
19:04,68.0551,26.879214,-1.844262295,774
19:05,68.0555,26.873418,-1.844262295,780
19:06,68.0611,26.866442,-1.844262295,780
19:07,68.1176,26.857001,-1.844262295,777
19:08,68.1805,26.847815,-1.844262295,772
19:09,68.2378,26.837971,-1.844262295,765
19:10,68.3207,26.83138,-1.946721311,756
19:11,68.3795,26.817191,-1.946721311,753
19:12,68.4069,26.807492,-1.946721311,752
19:13,68.5302,26.797043,-1.946721311,753
19:14,68.6336,26.789115,-1.946721311,807
19:15,68.7291,26.779551,-1.946721311,811
19:16,68.7781,26.771755,-1.946721311,799
19:17,68.8894,26.760348,-1.946721311,794
19:18,68.9259,26.749106,-2.049180328,788
19:19,69.0226,26.731632,-2.049180328,779
19:20,69.0616,26.721413,-2.049180328,774
19:21,69.1954,26.706543,-2.151639344,776
19:22,69.2341,26.696473,-2.151639344,783
19:23,69.3279,26.680649,-2.254098361,775
19:24,69.4458,26.671253,-2.254098361,770
19:25,69.5399,26.663132,-2.151639344,769
19:26,69.5954,26.650401,-2.151639344,744
19:27,69.6875,26.638243,-2.254098361,743
19:28,69.7338,26.624909,-2.254098361,747
19:29,69.8087,26.612578,-2.254098361,753
19:30,69.9061,26.596076,-2.254098361,754
19:31,69.9571,26.582663,-2.356557377,743
19:32,70.0304,26.57317,-2.356557377,712
19:33,70.1384,26.558335,-2.459016393,697
19:34,70.2397,26.546936,-2.459016393,665
19:35,70.3133,26.536402,-2.459016393,647
19:36,70.3186,26.524123,-2.56147541,625
19:37,70.3971,26.50116,-2.56147541,628
19:38,70.5043,26.493285,-2.56147541,630
19:39,70.6393,26.473094,-2.56147541,616
19:40,70.6887,26.463032,-2.56147541,611
19:41,70.7709,26.453619,-2.56147541,595
19:42,70.8665,26.441129,-2.56147541,591
19:43,70.8606,26.430635,-2.459016393,592
19:44,70.9657,26.411384,-2.56147541,587
19:45,71.1449,26.396904,-2.459016393,586
19:46,71.1852,26.388042,-2.459016393,587
19:47,71.249,26.378037,-2.459016393,592
19:48,71.2919,26.366162,-2.459016393,596
19:49,71.4067,26.353136,-2.459016393,593
19:50,71.4649,26.338398,-2.356557377,590
19:51,71.5256,26.328153,-2.356557377,600
19:52,71.6371,26.309329,-2.356557377,612
19:53,71.6628,26.297387,-2.356557377,607
19:54,71.7965,26.27669,-2.356557377,611
19:55,71.9703,26.261121,-2.356557377,623
19:56,72.0023,26.25411,-2.356557377,634
19:57,72.086,26.240456,-2.356557377,669
19:58,72.1821,26.225989,-2.254098361,673
19:59,72.2579,26.209553,-2.254098361,685
20:00,72.4079,26.195366,-2.254098361,689
20:01,72.5272,26.18631,-2.356557377,692
20:02,72.5817,26.175185,-2.254098361,753
20:03,72.7018,26.157308,-2.254098361,734
20:04,72.7242,26.144759,-2.151639344,738
20:05,72.8906,26.12679,-2.151639344,732
20:06,73.005,26.110188,-2.151639344,735
20:07,73.1369,26.093464,-2.151639344,731
20:08,73.3231,26.077524,-2.151639344,721
20:09,73.3701,26.061704,-2.151639344,720
20:10,73.453,26.051582,-2.254098361,715
20:11,73.6839,26.034711,-2.254098361,708
20:12,73.7464,26.025535,-2.254098361,705
20:13,73.7383,26.016888,-2.151639344,714
20:14,73.8143,25.993777,-2.151639344,718
20:15,73.8724,25.974278,-2.254098361,711
20:16,74.0004,25.954092,-2.254098361,722
20:17,74.1521,25.937394,-2.254098361,723
20:18,74.2291,25.923147,-2.254098361,718
20:19,74.3101,25.906673,-2.254098361,721
20:20,74.4539,25.889144,-2.151639344,727
20:21,74.5647,25.86972,-2.254098361,727
20:22,74.7291,25.858827,-2.254098361,731
20:23,74.9173,25.842177,-2.151639344,731
20:24,75.0025,25.834299,-2.151639344,738
20:25,75.1383,25.823556,-2.151639344,761
20:26,75.2321,25.812071,-2.151639344,769
20:27,75.3495,25.802936,-2.151639344,766
20:28,75.3723,25.791139,-2.151639344,758
20:29,75.4709,25.775021,-2.151639344,756
20:30,75.5637,25.758148,-2.151639344,761
20:31,75.6696,25.742068,-2.151639344,766
20:32,75.7446,25.728197,-2.151639344,775
20:33,75.8217,25.712341,-2.151639344,800
20:34,75.8684,25.695344,-2.049180328,812
20:35,76.0079,25.677539,-2.151639344,819
20:36,76.0987,25.667125,-2.151639344,817
20:37,76.1458,25.654205,-2.151639344,826
20:38,76.2226,25.639915,-2.254098361,822
20:39,76.2563,25.624315,-2.254098361,817
20:40,76.3159,25.610539,-2.254098361,805
20:41,76.3581,25.596647,-2.356557377,800
20:42,76.6047,25.584449,-2.356557377,806
20:43,76.6096,25.579798,-2.459016393,811
20:44,76.7246,25.57157,-2.459016393,809
20:45,76.8542,25.56487,-2.459016393,810
20:46,76.9631,25.565658,-2.356557377,785
20:47,77.0583,25.568874,-2.356557377,800
20:48,77.073,25.573362,-2.254098361,818
20:49,77.0578,25.576455,-2.151639344,814
20:50,77.0984,25.573942,-2.151639344,806
20:51,77.0705,25.573442,-2.151639344,811
20:52,77.053,25.569529,-2.049180328,815
20:53,77.0597,25.561697,-2.049180328,807
20:54,77.0888,25.557761,-2.049180328,853
20:55,77.2143,25.560108,-2.049180328,846
20:56,77.242,25.566237,-2.049180328,847
20:57,77.2856,25.571111,-2.049180328,839
20:58,77.3562,25.581835,-1.946721311,827
20:59,77.382,25.590869,-1.946721311,816
21:00,77.3855,25.600516,-1.946721311,822
21:01,77.3661,25.603504,-1.946721311,824
21:02,77.3415,25.605503,-1.946721311,826
21:03,77.2629,25.601767,-1.946721311,819
21:04,77.3652,25.599586,-1.946721311,828
21:05,77.3438,25.59454,-1.946721311,830
21:06,77.3599,25.590849,-1.946721311,829
21:07,77.2961,25.583295,-1.946721311,828
21:08,77.2993,25.573763,-1.946721311,835
21:09,77.377,25.561373,-2.049180328,827
21:10,77.4275,25.550576,-2.151639344,823
21:11,77.4798,25.54344,-2.254098361,820
21:12,77.5223,25.531504,-2.254098361,860
21:13,77.5514,25.526474,-2.254098361,851
21:14,77.6402,25.514651,-2.254098361,847
21:15,77.6687,25.513556,-2.254098361,852
21:16,77.836,25.505199,-2.151639344,854
21:17,77.884,25.509177,-2.049180328,848
21:18,77.8883,25.507436,-2.049180328,849
21:19,77.8814,25.50239,-1.946721311,844
21:20,77.864,25.49332,-1.946721311,841
21:21,77.8977,25.482493,-1.946721311,841
21:22,77.9174,25.47039,-1.946721311,853
21:23,78.0422,25.457094,-1.844262295,864
21:24,78.2333,25.456132,-1.844262295,878
21:25,78.374,25.463309,-1.844262295,879
21:26,78.5084,25.473052,-1.741803279,879
21:27,78.5771,25.486387,-1.741803279,869
21:28,78.5853,25.490644,-1.639344262,880
21:29,78.5623,25.495745,-1.639344262,884
21:30,78.6134,25.495979,-1.639344262,893
21:31,78.6327,25.496381,-1.639344262,902
21:32,78.6479,25.497785,-1.639344262,892
21:33,78.6845,25.495333,-1.639344262,889
21:34,78.7111,25.496258,-1.639344262,896
21:35,78.7911,25.496716,-1.639344262,887
21:36,78.8212,25.503178,-1.639344262,883
21:37,78.8722,25.503094,-1.639344262,884
21:38,78.8653,25.506882,-1.639344262,893
21:39,78.899,25.507236,-1.639344262,898
21:40,78.8208,25.491517,-1.639344262,887
21:41,78.7618,25.481671,-1.741803279,876
21:42,78.7415,25.458364,-1.844262295,889
21:43,78.7404,25.433441,-1.946721311,896
21:44,78.7929,25.404939,-2.049180328,902
21:45,78.7997,25.376874,-2.151639344,854
21:46,78.7411,25.33788,-2.254098361,859
21:47,78.7178,25.295274,-2.356557377,875
21:48,78.7867,25.249884,-2.459016393,903
21:49,78.9323,25.209009,-2.459016393,911
21:50,79.0811,25.175636,-2.56147541,960
21:51,79.213,25.144762,-2.56147541,969
21:52,79.3201,25.116949,-2.663934426,955
21:53,79.3886,25.088567,-2.663934426,924
21:54,79.5119,25.058541,-2.766393443,913
21:55,79.666,25.022564,-2.766393443,906
21:56,79.8596,25.0012,-2.766393443,909
21:57,79.991,24.980453,-2.868852459,903
21:58,80.0866,24.957899,-2.868852459,912
21:59,80.2207,24.928848,-2.868852459,955
22:00,80.3515,24.906565,-2.868852459,928
22:01,80.5175,24.886753,-2.766393443,939
22:02,80.6044,24.862436,-2.766393443,936
22:03,80.9071,24.839475,-2.766393443,938
22:04,80.8832,24.823981,-2.766393443,938
22:05,80.9814,24.797304,-2.766393443,926
22:06,81.0959,24.771139,-2.766393443,915
22:07,81.3637,24.749365,-2.766393443,922
22:08,81.5597,24.736094,-2.766393443,1003
22:09,81.6645,24.725999,-2.766393443,968
22:10,81.8218,24.710883,-2.766393443,920
22:11,81.8784,24.699421,-2.766393443,953
22:12,82.0129,24.68247,-2.766393443,958
22:13,82.0518,24.67012,-2.663934426,975
22:14,82.0845,24.65476,-2.663934426,958
22:15,82.1548,24.639431,-2.663934426,972
22:16,82.6824,24.632812,-2.663934426,979
22:17,82.6664,24.634412,-2.56147541,973
22:18,82.5465,24.620218,-2.56147541,975
22:19,82.779,24.604169,-2.459016393,1003
22:20,82.8446,24.597025,-2.459016393,1007
22:21,82.9597,24.594541,-2.356557377,1018
22:22,83.1206,24.593279,-2.356557377,1009
22:23,83.2447,24.595755,-2.254098361,1003
22:24,83.5544,24.610385,-2.254098361,984
22:25,83.6152,24.619844,-2.254098361,956
22:26,83.6813,24.627246,-2.151639344,967
22:27,83.9383,24.645172,-2.151639344,968
22:28,84.154,24.676974,-2.049180328,961
22:29,84.0879,24.69248,-1.946721311,962
22:30,84.1373,24.712606,-1.946721311,967
22:31,84.1011,24.725265,-1.946721311,932
22:32,84.3616,24.743943,-1.844262295,926
22:33,84.3409,24.767777,-1.741803279,942
22:34,84.4224,24.79037,-1.741803279,946
22:35,84.4008,24.812149,-1.639344262,976
22:36,84.341,24.818915,-1.741803279,946
22:37,84.4118,24.83484,-1.741803279,942
22:38,84.3657,24.845772,-1.639344262,1039
22:39,84.3005,24.846051,-1.741803279,1048
22:40,84.3948,24.857029,-1.639344262,1052
22:41,84.3389,24.862189,-1.639344262,1038
22:42,84.294,24.857689,-1.741803279,1022
22:43,84.388,24.855348,-1.639344262,1003
22:44,84.3666,24.853572,-1.639344262,987
22:45,84.3365,24.854312,-1.639344262,948
22:46,84.3389,24.851058,-1.536885246,937
22:47,84.3983,24.847184,-1.536885246,932
22:48,84.3363,24.837518,-1.536885246,921
22:49,84.4661,24.831522,-1.536885246,912
22:50,84.4708,24.8318,-1.536885246,901
22:51,84.4789,24.830337,-1.536885246,891
22:52,84.4585,24.825701,-1.536885246,887
22:53,84.3945,24.819159,-1.536885246,881
22:54,84.4989,24.807353,-1.536885246,1031
22:55,84.4508,24.801097,-1.536885246,915
22:56,84.3774,24.79474,-1.536885246,921
22:57,84.1778,24.771175,-1.536885246,919
22:58,83.9997,24.729976,-1.536885246,915
22:59,84.0206,24.691935,-1.639344262,918
23:00,83.9931,24.659611,-1.536885246,924
23:01,83.9832,24.631873,-1.639344262,927
23:02,83.9737,24.605389,-1.639344262,923
23:03,83.9624,24.583083,-1.639344262,910
23:04,84.0935,24.566328,-1.639344262,901
23:05,84.1854,24.558462,-1.741803279,896
23:06,84.3051,24.56831,-1.639344262,895
23:07,84.2963,24.575934,-1.639344262,888
23:08,84.1975,24.576378,-1.741803279,889
23:09,84.2546,24.578047,-1.639344262,887
23:10,84.2664,24.579309,-1.639344262,888
23:11,84.3225,24.590132,-1.639344262,888
23:12,84.1014,24.587106,-1.639344262,888
23:13,83.7709,24.553744,-1.536885246,889
23:14,83.6898,24.504823,-1.536885246,890
23:15,83.7923,24.464719,-1.536885246,890
23:16,83.8337,24.434466,-1.536885246,890
23:17,83.7926,24.40714,-1.536885246,886
23:18,83.762,24.382265,-1.536885246,887
23:19,83.7628,24.356907,-1.536885246,884
23:20,83.7659,24.323329,-1.536885246,885
23:21,83.8276,24.301997,-1.536885246,884
23:22,83.8593,24.285459,-1.536885246,882
23:23,83.9241,24.268257,-1.639344262,883
23:24,83.965,24.258117,-1.639344262,882
23:25,84.0009,24.246668,-1.639344262,881
23:26,84.0741,24.238025,-1.639344262,881
23:27,84.1302,24.235937,-1.639344262,881
23:28,84.1583,24.232351,-1.639344262,881
23:29,84.2172,24.233021,-1.639344262,881
23:30,84.2544,24.232678,-1.639344262,881
23:31,84.2853,24.235405,-1.639344262,880
23:32,84.3074,24.232867,-1.536885246,879
23:33,84.3746,24.23426,-1.639344262,877
23:34,84.4596,24.237716,-1.639344262,878
23:35,84.4882,24.245477,-1.536885246,880
23:36,84.5632,24.250246,-1.536885246,881
23:37,84.5778,24.255487,-1.43442623,881
23:38,84.6947,24.267815,-1.43442623,879
23:39,84.7256,24.277345,-1.43442623,881
23:40,84.7703,24.290764,-1.43442623,880
23:41,84.7837,24.297397,-1.43442623,881
23:42,84.795,24.299684,-1.331967213,880
23:43,85.0434,24.316795,-1.331967213,881
23:44,85.1517,24.334419,-1.331967213,881
23:45,85.1615,24.346656,-1.331967213,882
23:46,85.3172,24.368396,-1.331967213,879
23:47,85.2493,24.374718,-1.331967213,880
23:48,84.3948,24.837518,-1.639344262,937
23:49,84.3389,24.831522,-1.741803279,932
23:50,84.294,24.8318,-1.639344262,921
23:51,84.388,24.830337,-1.639344262,912
23:52,84.3666,24.825701,-1.639344262,901
23:53,84.3365,24.819159,-1.639344262,891
23:54,84.3389,24.807353,-1.536885246,887
23:55,84.3983,24.801097,-1.536885246,881
23:56,84.3363,24.79474,-1.536885246,1031
23:57,84.4661,24.771175,-1.536885246,915
23:58,84.4708,24.729976,-1.536885246,921
23:59,84.4789,24.691935,-1.536885246,919
